miR	seq	full_dG	seed_dG	cent_dG	supp_dG	tail_dG
let-7a	UGAGGUAGUAGGUUGUAUAGUU	-38.09	-13.39	-6.19	-4.19	-6.59
let-7a.M1	UGAGGUAGUUCGUUGUAUAGUU	-37.09	-13.39	-5.19	-4.19	-6.59
lsy-6	UUUUGUAUGAGACGCAUUUCGA	-36.69	-7.49	-6.39	-7.39	-7.99
lsy-6/miR-124	UUUUGUAUGCGGUGAAUGCCAA	-39.19	-7.49	-9.09	-4.39	-10.79
lsy-6.M1	UUUUGUAUGUCACGCAUUUCGA	-36.49	-7.49	-6.19	-7.39	-7.99
miR-1	UGGAAUGUAAAGAAGUAUGUAU	-33.39	-11.49	-3.39	-4.19	-6.79
miR-122	UGGAGUGUGACAAUGGUGUUUG	-40.89	-13.79	-6.19	-5.99	-7.69
miR-124	UAAGGCACGCGGUGAAUGCCAA	-44.99	-13.49	-9.09	-4.39	-10.79
miR-124.M1	UAAGGCACGAGGUGAAUGCCAA	-43.69	-13.49	-7.79	-4.39	-10.79
miR-124.M2	UAAGGCACAUAAUGAAUGCCAA	-37.79	-13.49	-2.29	-4.39	-10.79
miR-155.23mer	UUAAUGCUAAUCGUGAUAGGGGU	-41.29	-9.89	-3.89	-6.19	-14.49
miR-196a	UAGGUAGUUUCAUGUUGUUGGG	-39.19	-12.19	-4.39	-4.19	-11.79
miR-196a.M1	UAGGUAGUUUCAUGUUAUUGGG	-37.29	-12.19	-4.39	-4.19	-10.19
miR-20a.23mer	UAAAGUGCUUAUAGUGCAGGUAG	-40.69	-11.09	-2.29	-5.89	-13.09
miR-20a	UAAAGUGCUUAUAGUGCAGGUA	-38.09	-11.09	-2.29	-5.89	-10.49
miR-302a.23mer	UAAGUGCUUCCAUGUUUUGGUGA	-40.69	-11.79	-6.79	-4.19	-11.99
miR-430a	UAAGUGCUAUUUGUUGGGGUAG	-39.29	-11.79	-1.89	-5.19	-12.19
miR-451a	AAACCGUUACCAUUACUGAGUU	-37.09	-10.89	-6.59	-3.89	-8.69
miR-451a.M1	AAACCGUUAGGAUUACUGAGUU	-37.29	-10.89	-6.79	-3.89	-8.69
miR-671.23mer	AGGAAGCCCUGGAGGGGCUGGAG	-55.99	-15.39	-7.49	-8.19	-15.39
miR-7.24mer	UGGAAGACUAGUGAUUUUGUUGUU	-39.19	-13.29	-4.59	-3.89	-10.29
miR-7	UGGAAGACUAGUGAUUUUGUUG	-36.59	-13.29	-4.59	-3.89	-7.69
miR-7.M2	UGGAAGACUAGUGAUUGUGUUG	-39.09	-13.29	-4.59	-3.89	-9.49
miR-7.M1	UGGAAGACUUGUGAUUUUGUUG	-36.19	-13.29	-4.19	-3.89	-7.69
miR-196a.M2	UAGGUAAUUUCAUGUUGUUGGG	-36.89	-9.89	-4.39	-4.19	-11.79
miR-7.M3	UGGAAGGCUAGUGAUUUUGUUG	-38.69	-15.39	-4.59	-3.89	-7.69
miR-7.M4	UGGAAGGCUUGUGAUUGUGUUG	-40.79	-15.39	-4.19	-3.89	-9.49
miR-196a.M3	UAGGUAAUUGCAUGUUUUUGGG	-36.59	-9.89	-7.02	-4.19	-9.99
miR-430a.M1	UAAGUGAUAUUUGUUGGGGUAG	-37.29	-9.79	-1.89	-5.19	-12.19
